trait,marker,chromosome,position,gene,feature,z-score,reference
HeadingDate,11_20772,1,557125644,,,,Pauli2014
HeadingDate,12_30265,2,525482637,,,,Pauli2014
HeadingDate,12_31525,3,631827160,,,,Pauli2014
HeadingDate,12_30554,4,618415678,,,,Pauli2014
HeadingDate,12_30893,7,39680702,,,,Pauli2014
PlantHeight,12_31276,1,20336402,,,,Pauli2014
PlantHeight,12_31467,1,66850934,,,,Pauli2014
PlantHeight,11_10224,3,423198950,,,,Pauli2014
PlantHeight,12_30096,3,634923676,,,,Pauli2014
PlantHeight,11_21070,4,18337769,,,,Pauli2014
PlantHeight,11_10870,5,651947785,,,,Pauli2014
PlantHeight,12_30619,5,570951899,,,,Pauli2014
PlantHeight,12_30319,6,1580808,,,,Pauli2014
PlantHeight,12_10218,7,40109823,,,,Pauli2014
PlumpGrain,12_30348,1,392575438,,,,Pauli2014
PlumpGrain,11_20340,2,651058560,,,,Pauli2014
PlumpGrain,12_31095,2,707538666,,,,Pauli2014
PlumpGrain,11_10065,2,723372150,,,,Pauli2014
PlumpGrain,11_20777,4,19930065,,,,Pauli2014
PlumpGrain,11_20894,5,1070678,,,,Pauli2014
PlumpGrain,11_20708,5,226630663,,,,Pauli2014
PlumpGrain,11_21061,5,561550904,,,,Pauli2014
PlumpGrain,11_20076,7,#N/A,,,,Pauli2014
PlumpGrain,11_10346,7,70162054,,,,Pauli2014
PlumpGrain,11_21201,7,580563012,,,,Pauli2014
GrainProtein,11_11400,2,110245657,,,,Pauli2014
GrainProtein,11_20340,2,651058560,,,,Pauli2014
GrainProtein,11_21070,4,18337769,,,,Pauli2014
GrainProtein,12_20770,5,28954786,,,,Pauli2014
GrainProtein,11_10095,5,601142082,,,,Pauli2014
GrainProtein,11_10254,5,652246346,,,,Pauli2014
GrainProtein,12_10199,6,66485252,,,,Pauli2014
GrainProtein,12_31199,7,524013384,,,,Pauli2014
GrainProtein,11_21209,7,629621950,,,,Pauli2014
TestWeight,12_11173,1,517251616,,,,Pauli2014
TestWeight,11_20340,2,651058560,,,,Pauli2014
TestWeight,12_30865,4,23678359,,,,Pauli2014
TestWeight,11_20682,6,517882968,,,,Pauli2014
TestWeight,12_31441,7,93121008,,,,Pauli2014
GrainYield,12_10579,2,727570263,,,,Pauli2014
GrainYield,12_31010,3,386171488,,,,Pauli2014
HeadingDate,11_10191,2,532288289,,,,Pauli2014
HeadingDate,11_10685,2,516165724,,,,Wang2012
HeadingDate,11_20585,2,494259017,,,,Wang2012
HeadingDate,11_21399,2,534370798,,,,Wang2012
HeadingDate,12_30265,2,525482637,,,,Wang2012
HeadingDate,11_11172,3,632247129,,,,Wang2012
HeadingDate,12_31525,3,631827160,,,,Wang2012
HeadingDate,12_30096,3,634923676,,,,Wang2012
HeadingDate,11_10838,7,40735883,,,,Wang2012
HeadingDate,12_31305,7,45118264,,,,Wang2012
HeadingDate,12_30893,7,39680702,,,,Wang2012
